AccountID,AccountName,Industry,Segment
1,Northstar 001,Technology,Enterprise
2,Juniper 002,Retail,Mid-market
3,Meridian 003,Professional services,Mid-market
4,Cobalt 004,Retail,SMB
5,Beacon 005,Professional services,SMB
6,Summit 006,Healthcare,SMB
7,Northstar 007,Manufacturing,Enterprise
8,Juniper 008,Professional services,SMB
9,Meridian 009,Healthcare,Mid-market
10,Cobalt 010,Professional services,Mid-market
11,Beacon 011,Retail,Enterprise
12,Summit 012,Technology,Mid-market
13,Northstar 013,Retail,SMB
14,Juniper 014,Healthcare,SMB
15,Meridian 015,Manufacturing,SMB
16,Cobalt 016,Retail,Enterprise
17,Beacon 017,Healthcare,SMB
18,Summit 018,Professional services,SMB
19,Northstar 019,Manufacturing,Enterprise
20,Juniper 020,Professional services,Enterprise
21,Meridian 021,Manufacturing,Mid-market
22,Cobalt 022,Healthcare,Mid-market
23,Beacon 023,Healthcare,SMB
24,Summit 024,Retail,SMB
25,Northstar 025,Technology,SMB
26,Juniper 026,Technology,Mid-market
27,Meridian 027,Technology,SMB
28,Cobalt 028,Healthcare,Mid-market
29,Beacon 029,Professional services,SMB
30,Summit 030,Manufacturing,Mid-market
31,Northstar 031,Healthcare,Enterprise
32,Juniper 032,Professional services,SMB
33,Meridian 033,Technology,Enterprise
34,Cobalt 034,Professional services,Mid-market
35,Beacon 035,Retail,Enterprise
36,Summit 036,Retail,SMB
37,Northstar 037,Retail,Mid-market
38,Juniper 038,Retail,Enterprise
39,Meridian 039,Technology,Mid-market
40,Cobalt 040,Retail,Mid-market
41,Beacon 041,Retail,SMB
42,Summit 042,Manufacturing,Enterprise
43,Northstar 043,Retail,SMB
44,Juniper 044,Retail,Mid-market
45,Meridian 045,Retail,Mid-market
46,Cobalt 046,Manufacturing,SMB
47,Beacon 047,Professional services,SMB
48,Summit 048,Manufacturing,Mid-market
49,Northstar 049,Technology,Mid-market
50,Juniper 050,Manufacturing,Mid-market
51,Meridian 051,Technology,Mid-market
52,Cobalt 052,Retail,SMB
53,Beacon 053,Retail,Mid-market
54,Summit 054,Retail,Mid-market
55,Northstar 055,Professional services,Mid-market
56,Juniper 056,Manufacturing,SMB
57,Meridian 057,Professional services,Mid-market
58,Cobalt 058,Retail,Enterprise
59,Beacon 059,Retail,Mid-market
60,Summit 060,Retail,Mid-market
61,Northstar 061,Retail,SMB
62,Juniper 062,Retail,SMB
63,Meridian 063,Retail,SMB
64,Cobalt 064,Healthcare,Mid-market
65,Beacon 065,Professional services,SMB
66,Summit 066,Manufacturing,Mid-market
67,Northstar 067,Healthcare,Enterprise
68,Juniper 068,Retail,SMB
69,Meridian 069,Retail,Mid-market
70,Cobalt 070,Professional services,Mid-market
71,Beacon 071,Professional services,Mid-market
72,Summit 072,Professional services,Mid-market
73,Northstar 073,Retail,Enterprise
74,Juniper 074,Technology,Mid-market
75,Meridian 075,Technology,SMB
76,Cobalt 076,Manufacturing,Enterprise
77,Beacon 077,Professional services,Enterprise
78,Summit 078,Technology,Mid-market
79,Northstar 079,Technology,Mid-market
80,Juniper 080,Retail,Mid-market
81,Meridian 081,Retail,Mid-market
82,Cobalt 082,Technology,SMB
83,Beacon 083,Retail,Mid-market
84,Summit 084,Technology,Enterprise
85,Northstar 085,Healthcare,SMB
86,Juniper 086,Manufacturing,Enterprise
87,Meridian 087,Retail,Enterprise
88,Cobalt 088,Professional services,SMB
89,Beacon 089,Professional services,Mid-market
90,Summit 090,Technology,Mid-market
91,Northstar 091,Retail,Mid-market
92,Juniper 092,Manufacturing,Enterprise
93,Meridian 093,Manufacturing,SMB
94,Cobalt 094,Retail,Mid-market
95,Beacon 095,Healthcare,SMB
96,Summit 096,Healthcare,SMB
97,Northstar 097,Manufacturing,Mid-market
98,Juniper 098,Healthcare,Mid-market
99,Meridian 099,Technology,Mid-market
100,Cobalt 100,Manufacturing,Mid-market
101,Beacon 101,Technology,SMB
102,Summit 102,Retail,Mid-market
103,Northstar 103,Technology,Mid-market
104,Juniper 104,Retail,Enterprise
105,Meridian 105,Manufacturing,SMB
106,Cobalt 106,Manufacturing,SMB
107,Beacon 107,Manufacturing,SMB
108,Summit 108,Professional services,Mid-market
109,Northstar 109,Technology,SMB
110,Juniper 110,Professional services,Mid-market
111,Meridian 111,Technology,Enterprise
112,Cobalt 112,Retail,SMB
113,Beacon 113,Retail,SMB
114,Summit 114,Professional services,Mid-market
115,Northstar 115,Healthcare,Mid-market
116,Juniper 116,Retail,Enterprise
117,Meridian 117,Healthcare,Mid-market
118,Cobalt 118,Retail,SMB
119,Beacon 119,Professional services,Mid-market
120,Summit 120,Manufacturing,SMB
121,Northstar 121,Manufacturing,Enterprise
122,Juniper 122,Technology,Mid-market
123,Meridian 123,Manufacturing,Mid-market
124,Cobalt 124,Retail,Enterprise
125,Beacon 125,Technology,SMB
126,Summit 126,Professional services,Enterprise
127,Northstar 127,Professional services,Mid-market
128,Juniper 128,Manufacturing,Enterprise
129,Meridian 129,Retail,Mid-market
130,Cobalt 130,Retail,Mid-market
131,Beacon 131,Retail,Mid-market
132,Summit 132,Retail,Mid-market
133,Northstar 133,Healthcare,Mid-market
134,Juniper 134,Professional services,SMB
135,Meridian 135,Manufacturing,SMB
136,Cobalt 136,Professional services,Mid-market
137,Beacon 137,Manufacturing,Mid-market
138,Summit 138,Technology,Mid-market
139,Northstar 139,Professional services,SMB
140,Juniper 140,Healthcare,Mid-market
141,Meridian 141,Technology,Mid-market
142,Cobalt 142,Professional services,Enterprise
143,Beacon 143,Technology,Enterprise
144,Summit 144,Technology,Enterprise
145,Northstar 145,Manufacturing,Enterprise
146,Juniper 146,Technology,SMB
147,Meridian 147,Professional services,Mid-market
148,Cobalt 148,Retail,Mid-market
149,Beacon 149,Manufacturing,Mid-market
150,Summit 150,Manufacturing,Mid-market
151,Northstar 151,Professional services,SMB
152,Juniper 152,Healthcare,Enterprise
153,Meridian 153,Retail,Mid-market
154,Cobalt 154,Healthcare,Mid-market
155,Beacon 155,Healthcare,SMB
156,Summit 156,Professional services,Mid-market
157,Northstar 157,Healthcare,SMB
158,Juniper 158,Healthcare,Mid-market
159,Meridian 159,Professional services,SMB
160,Cobalt 160,Professional services,Enterprise
161,Beacon 161,Technology,SMB
162,Summit 162,Professional services,Mid-market
163,Northstar 163,Healthcare,SMB
164,Juniper 164,Retail,Mid-market
165,Meridian 165,Manufacturing,Mid-market
166,Cobalt 166,Professional services,Mid-market
167,Beacon 167,Professional services,Enterprise
168,Summit 168,Professional services,Mid-market
169,Northstar 169,Healthcare,Mid-market
170,Juniper 170,Retail,Mid-market
171,Meridian 171,Retail,Mid-market
172,Cobalt 172,Healthcare,Enterprise
173,Beacon 173,Technology,Mid-market
174,Summit 174,Manufacturing,SMB
175,Northstar 175,Healthcare,Mid-market
176,Juniper 176,Professional services,SMB
177,Meridian 177,Manufacturing,Mid-market
178,Cobalt 178,Professional services,Enterprise
179,Beacon 179,Professional services,SMB
180,Summit 180,Retail,Mid-market
