ActivityID,OpportunityID,ActivityDate,ActivityType,Outcome
1,1,2025-07-14,Meeting,Proposal discussed
2,2,2026-03-11,Email,Stakeholders engaged
3,3,2025-05-30,Call,Stakeholders engaged
4,4,2026-05-25,Meeting,Stakeholders engaged
5,5,2026-05-24,Meeting,Follow-up scheduled
6,6,2026-08-08,Call,Follow-up scheduled
7,7,2025-08-14,Meeting,Stakeholders engaged
8,8,2025-12-19,Email,Stakeholders engaged
9,9,2025-02-24,Meeting,Stakeholders engaged
10,10,2026-07-10,Meeting,Stakeholders engaged
11,11,2025-09-04,Email,Follow-up scheduled
12,12,2025-11-16,Meeting,Stakeholders engaged
13,13,2025-08-15,Meeting,Proposal discussed
14,14,2026-08-31,Meeting,Stakeholders engaged
15,15,2026-09-17,Call,Stakeholders engaged
16,16,2025-10-11,Meeting,Proposal discussed
17,17,2026-02-01,Email,Stakeholders engaged
18,18,2025-01-16,Email,Follow-up scheduled
19,19,2025-08-25,Email,Proposal discussed
20,20,2025-09-13,Call,Follow-up scheduled
21,21,2026-08-06,Call,Proposal discussed
22,22,2026-09-14,Email,Stakeholders engaged
23,23,2025-04-24,Email,Follow-up scheduled
24,24,2026-08-24,Call,Follow-up scheduled
25,25,2026-01-02,Call,Follow-up scheduled
26,26,2025-04-11,Email,Stakeholders engaged
27,27,2025-06-13,Call,Follow-up scheduled
28,28,2025-12-17,Call,Proposal discussed
29,29,2026-04-21,Meeting,Proposal discussed
30,30,2026-09-05,Call,Follow-up scheduled
31,31,2025-09-29,Call,Follow-up scheduled
32,32,2025-11-04,Meeting,Stakeholders engaged
33,33,2026-08-17,Meeting,Follow-up scheduled
34,34,2026-09-20,Meeting,Follow-up scheduled
35,35,2026-09-01,Call,Stakeholders engaged
36,36,2026-01-01,Meeting,Follow-up scheduled
37,37,2026-09-23,Call,Proposal discussed
38,38,2025-08-06,Call,Stakeholders engaged
39,39,2025-06-18,Email,Follow-up scheduled
40,40,2026-06-13,Call,Proposal discussed
41,41,2026-09-01,Call,Proposal discussed
42,42,2026-05-04,Email,Follow-up scheduled
43,43,2026-08-15,Call,Stakeholders engaged
44,44,2026-09-01,Call,Proposal discussed
45,45,2026-01-11,Email,Proposal discussed
46,46,2025-01-30,Meeting,Follow-up scheduled
47,47,2026-09-25,Email,Follow-up scheduled
48,48,2026-03-07,Meeting,Follow-up scheduled
49,49,2026-05-16,Email,Proposal discussed
50,50,2026-09-24,Call,Stakeholders engaged
51,51,2025-08-24,Call,Proposal discussed
52,52,2025-08-21,Meeting,Stakeholders engaged
53,53,2025-06-27,Call,Follow-up scheduled
54,54,2026-03-25,Meeting,Proposal discussed
55,55,2025-03-12,Call,Proposal discussed
56,56,2025-07-12,Email,Stakeholders engaged
57,57,2025-05-23,Call,Follow-up scheduled
58,58,2025-05-02,Call,Stakeholders engaged
59,59,2025-03-05,Meeting,Proposal discussed
60,60,2025-12-26,Email,Follow-up scheduled
61,61,2026-08-30,Email,Proposal discussed
62,62,2025-05-28,Meeting,Stakeholders engaged
63,63,2025-10-22,Email,Stakeholders engaged
64,64,2026-09-13,Call,Proposal discussed
65,65,2025-04-26,Call,Follow-up scheduled
66,66,2026-03-21,Meeting,Follow-up scheduled
67,67,2025-07-08,Call,Proposal discussed
68,68,2026-02-02,Call,Stakeholders engaged
69,69,2025-03-31,Meeting,Follow-up scheduled
70,70,2026-05-07,Call,Proposal discussed
71,71,2025-01-04,Email,Follow-up scheduled
72,72,2025-06-28,Email,Follow-up scheduled
73,73,2026-08-31,Email,Stakeholders engaged
74,74,2025-08-14,Call,Follow-up scheduled
75,75,2025-06-03,Meeting,Proposal discussed
76,76,2025-05-23,Call,Proposal discussed
77,77,2025-02-15,Meeting,Follow-up scheduled
78,78,2026-08-23,Email,Proposal discussed
79,79,2025-08-22,Email,Stakeholders engaged
80,80,2025-12-23,Meeting,Stakeholders engaged
81,81,2025-12-25,Meeting,Stakeholders engaged
82,82,2025-05-31,Call,Proposal discussed
83,83,2025-10-03,Meeting,Proposal discussed
84,84,2025-07-28,Call,Follow-up scheduled
85,85,2026-07-18,Call,Proposal discussed
86,86,2025-09-10,Email,Proposal discussed
87,87,2026-03-12,Meeting,Stakeholders engaged
88,88,2026-07-26,Call,Follow-up scheduled
89,89,2025-12-30,Call,Proposal discussed
90,90,2025-07-13,Call,Stakeholders engaged
91,91,2026-01-25,Call,Proposal discussed
92,92,2026-09-12,Email,Stakeholders engaged
93,93,2026-03-11,Email,Follow-up scheduled
94,94,2026-08-26,Meeting,Proposal discussed
95,95,2025-11-28,Call,Follow-up scheduled
96,96,2025-08-11,Email,Follow-up scheduled
97,97,2026-09-24,Call,Follow-up scheduled
98,98,2026-05-17,Meeting,Follow-up scheduled
99,99,2025-04-01,Call,Follow-up scheduled
100,100,2026-09-24,Meeting,Proposal discussed
101,101,2026-04-21,Call,Stakeholders engaged
102,102,2026-09-22,Call,Stakeholders engaged
103,103,2026-01-01,Call,Proposal discussed
104,104,2026-05-29,Call,Follow-up scheduled
105,105,2025-11-08,Meeting,Proposal discussed
106,106,2026-02-14,Email,Stakeholders engaged
107,107,2026-08-17,Meeting,Follow-up scheduled
108,108,2025-05-23,Email,Stakeholders engaged
109,109,2025-12-04,Call,Follow-up scheduled
110,110,2026-03-27,Email,Stakeholders engaged
111,111,2025-09-17,Meeting,Stakeholders engaged
112,112,2026-09-12,Email,Stakeholders engaged
113,113,2026-08-26,Email,Stakeholders engaged
114,114,2026-04-15,Email,Stakeholders engaged
115,115,2026-05-03,Meeting,Proposal discussed
116,116,2026-09-17,Call,Proposal discussed
117,117,2025-08-09,Call,Stakeholders engaged
118,118,2026-08-22,Call,Follow-up scheduled
119,119,2025-10-23,Email,Stakeholders engaged
120,120,2026-09-13,Email,Follow-up scheduled
121,121,2025-05-09,Email,Stakeholders engaged
122,122,2026-09-29,Meeting,Stakeholders engaged
123,123,2025-09-28,Email,Follow-up scheduled
124,124,2025-11-29,Call,Stakeholders engaged
125,125,2025-07-04,Call,Follow-up scheduled
126,126,2026-09-22,Meeting,Stakeholders engaged
127,127,2025-07-22,Meeting,Proposal discussed
128,128,2026-09-15,Call,Proposal discussed
129,129,2026-09-02,Call,Follow-up scheduled
130,130,2026-08-16,Meeting,Proposal discussed
131,131,2025-07-21,Email,Stakeholders engaged
132,132,2026-04-16,Call,Stakeholders engaged
133,133,2026-08-22,Email,Proposal discussed
134,134,2025-08-18,Email,Proposal discussed
135,135,2025-09-28,Email,Proposal discussed
136,136,2026-03-09,Email,Follow-up scheduled
137,137,2026-09-04,Meeting,Follow-up scheduled
138,138,2025-06-03,Email,Stakeholders engaged
139,139,2025-09-05,Meeting,Stakeholders engaged
140,140,2025-09-29,Email,Stakeholders engaged
141,141,2025-11-23,Email,Stakeholders engaged
142,142,2025-03-14,Meeting,Proposal discussed
143,143,2026-01-24,Meeting,Stakeholders engaged
144,144,2026-05-20,Call,Stakeholders engaged
145,145,2026-07-14,Email,Follow-up scheduled
146,146,2025-05-01,Meeting,Follow-up scheduled
147,147,2026-09-12,Email,Stakeholders engaged
148,148,2026-04-03,Email,Stakeholders engaged
149,149,2026-09-29,Meeting,Follow-up scheduled
150,150,2026-01-26,Meeting,Proposal discussed
151,151,2026-08-04,Meeting,Stakeholders engaged
152,152,2026-04-12,Email,Follow-up scheduled
153,153,2026-08-11,Call,Stakeholders engaged
154,154,2026-08-19,Email,Stakeholders engaged
155,155,2025-08-08,Email,Proposal discussed
156,156,2026-02-28,Meeting,Follow-up scheduled
157,157,2025-07-12,Meeting,Proposal discussed
158,158,2025-11-03,Meeting,Stakeholders engaged
159,159,2025-10-23,Call,Stakeholders engaged
160,160,2025-08-28,Call,Proposal discussed
161,161,2026-09-19,Email,Stakeholders engaged
162,162,2026-08-06,Call,Proposal discussed
163,163,2026-05-27,Meeting,Proposal discussed
164,164,2026-08-30,Email,Stakeholders engaged
165,165,2026-09-25,Call,Stakeholders engaged
166,166,2026-07-31,Meeting,Proposal discussed
167,167,2025-10-13,Meeting,Follow-up scheduled
168,168,2026-07-15,Email,Stakeholders engaged
169,169,2026-09-21,Call,Stakeholders engaged
170,170,2025-06-13,Call,Proposal discussed
171,171,2025-09-22,Email,Stakeholders engaged
172,172,2025-10-23,Email,Follow-up scheduled
173,173,2026-07-19,Email,Follow-up scheduled
174,174,2026-01-16,Meeting,Proposal discussed
175,175,2026-07-25,Meeting,Proposal discussed
176,176,2026-02-28,Email,Follow-up scheduled
177,177,2026-08-14,Meeting,Stakeholders engaged
178,178,2026-06-09,Meeting,Follow-up scheduled
179,179,2025-08-27,Meeting,Proposal discussed
180,180,2025-05-18,Call,Follow-up scheduled
181,181,2025-08-14,Meeting,Proposal discussed
182,182,2026-01-02,Meeting,Follow-up scheduled
183,183,2026-04-03,Meeting,Proposal discussed
184,184,2026-03-14,Email,Proposal discussed
185,185,2026-09-21,Meeting,Stakeholders engaged
186,186,2025-09-12,Meeting,Follow-up scheduled
187,187,2026-09-15,Email,Proposal discussed
188,188,2026-09-19,Meeting,Stakeholders engaged
189,189,2026-06-01,Meeting,Stakeholders engaged
190,190,2026-09-24,Email,Proposal discussed
191,191,2025-07-21,Meeting,Proposal discussed
192,192,2025-07-09,Call,Stakeholders engaged
193,193,2025-08-11,Email,Proposal discussed
194,194,2026-04-23,Call,Proposal discussed
195,195,2025-06-06,Call,Stakeholders engaged
196,196,2026-07-21,Call,Stakeholders engaged
197,197,2026-09-05,Email,Proposal discussed
198,198,2025-05-18,Call,Follow-up scheduled
199,199,2026-02-16,Email,Follow-up scheduled
200,200,2025-12-03,Email,Proposal discussed
201,201,2026-09-29,Meeting,Stakeholders engaged
202,202,2026-09-25,Call,Stakeholders engaged
203,203,2025-09-26,Meeting,Stakeholders engaged
204,204,2026-06-03,Call,Proposal discussed
205,205,2025-05-29,Meeting,Proposal discussed
206,206,2026-02-03,Meeting,Stakeholders engaged
207,207,2026-03-26,Email,Stakeholders engaged
208,208,2026-03-07,Meeting,Proposal discussed
209,209,2026-03-22,Meeting,Proposal discussed
210,210,2026-07-26,Meeting,Follow-up scheduled
211,211,2026-04-05,Meeting,Proposal discussed
212,212,2026-01-05,Call,Stakeholders engaged
213,213,2026-01-10,Call,Stakeholders engaged
214,214,2025-09-25,Email,Stakeholders engaged
215,215,2026-09-18,Meeting,Follow-up scheduled
216,216,2025-06-22,Email,Proposal discussed
217,217,2025-08-16,Email,Follow-up scheduled
218,218,2026-07-02,Email,Proposal discussed
219,219,2026-04-13,Meeting,Follow-up scheduled
220,220,2026-02-20,Meeting,Follow-up scheduled
221,221,2025-05-01,Call,Proposal discussed
222,222,2025-08-07,Meeting,Proposal discussed
223,223,2026-02-09,Call,Stakeholders engaged
224,224,2026-09-20,Call,Follow-up scheduled
225,225,2026-07-12,Call,Follow-up scheduled
226,226,2025-12-12,Email,Follow-up scheduled
227,227,2026-03-08,Email,Stakeholders engaged
228,228,2025-05-28,Meeting,Follow-up scheduled
229,229,2025-10-14,Call,Stakeholders engaged
230,230,2025-08-17,Meeting,Stakeholders engaged
231,231,2025-07-08,Email,Stakeholders engaged
232,232,2026-06-03,Meeting,Follow-up scheduled
233,233,2026-02-04,Email,Proposal discussed
234,234,2025-08-06,Meeting,Stakeholders engaged
235,235,2025-06-03,Call,Follow-up scheduled
236,236,2025-10-10,Meeting,Proposal discussed
237,237,2026-04-28,Email,Follow-up scheduled
238,238,2026-08-19,Call,Follow-up scheduled
239,239,2026-09-11,Call,Follow-up scheduled
240,240,2026-06-19,Meeting,Stakeholders engaged
241,241,2026-06-12,Email,Proposal discussed
242,242,2025-07-03,Meeting,Follow-up scheduled
243,243,2026-03-12,Email,Stakeholders engaged
244,244,2025-12-27,Email,Follow-up scheduled
245,245,2025-03-03,Call,Proposal discussed
246,246,2025-04-15,Call,Proposal discussed
247,247,2025-11-22,Call,Proposal discussed
248,248,2026-06-09,Call,Proposal discussed
249,249,2026-04-15,Email,Proposal discussed
250,250,2025-04-28,Meeting,Stakeholders engaged
251,251,2025-10-23,Call,Stakeholders engaged
252,252,2026-09-17,Meeting,Follow-up scheduled
253,253,2025-12-25,Email,Follow-up scheduled
254,254,2026-01-23,Meeting,Proposal discussed
255,255,2025-09-12,Call,Proposal discussed
256,256,2025-03-24,Call,Proposal discussed
257,257,2025-11-25,Email,Follow-up scheduled
258,258,2025-06-26,Meeting,Proposal discussed
259,259,2026-08-14,Call,Stakeholders engaged
260,260,2025-08-08,Call,Proposal discussed
261,261,2026-09-28,Call,Proposal discussed
262,262,2025-11-06,Call,Stakeholders engaged
263,263,2025-09-27,Email,Proposal discussed
264,264,2025-05-01,Call,Follow-up scheduled
265,265,2025-04-01,Meeting,Proposal discussed
266,266,2025-10-20,Call,Stakeholders engaged
267,267,2026-09-02,Meeting,Stakeholders engaged
268,268,2026-09-13,Meeting,Follow-up scheduled
269,269,2026-01-14,Email,Follow-up scheduled
270,270,2026-09-16,Email,Follow-up scheduled
271,271,2026-02-22,Meeting,Stakeholders engaged
272,272,2026-08-21,Email,Follow-up scheduled
273,273,2025-05-02,Email,Proposal discussed
274,274,2025-10-09,Call,Follow-up scheduled
275,275,2026-06-25,Meeting,Stakeholders engaged
276,276,2026-08-20,Meeting,Stakeholders engaged
277,277,2026-08-30,Email,Follow-up scheduled
278,278,2025-03-09,Call,Follow-up scheduled
279,279,2026-04-19,Meeting,Stakeholders engaged
280,280,2026-07-19,Meeting,Proposal discussed
281,281,2026-05-20,Call,Stakeholders engaged
282,282,2025-09-20,Meeting,Stakeholders engaged
283,283,2025-05-03,Email,Stakeholders engaged
284,284,2026-04-14,Call,Stakeholders engaged
285,285,2026-04-16,Email,Stakeholders engaged
286,286,2026-08-22,Call,Follow-up scheduled
287,287,2026-04-04,Call,Follow-up scheduled
288,288,2026-09-30,Meeting,Follow-up scheduled
289,289,2026-09-13,Meeting,Proposal discussed
290,290,2026-04-09,Call,Proposal discussed
291,291,2025-06-14,Meeting,Stakeholders engaged
292,292,2026-06-15,Call,Follow-up scheduled
293,293,2025-05-11,Meeting,Proposal discussed
294,294,2026-08-12,Meeting,Proposal discussed
295,295,2026-09-18,Call,Stakeholders engaged
296,296,2026-01-11,Call,Stakeholders engaged
297,297,2025-11-24,Call,Stakeholders engaged
298,298,2025-12-03,Email,Follow-up scheduled
299,299,2026-04-11,Meeting,Stakeholders engaged
300,300,2026-02-11,Meeting,Follow-up scheduled
301,301,2026-09-05,Meeting,Follow-up scheduled
302,302,2025-09-03,Meeting,Follow-up scheduled
303,303,2026-08-25,Call,Stakeholders engaged
304,304,2026-03-09,Email,Follow-up scheduled
305,305,2026-05-10,Meeting,Proposal discussed
306,306,2026-09-11,Email,Proposal discussed
307,307,2026-09-14,Call,Stakeholders engaged
308,308,2025-06-21,Meeting,Follow-up scheduled
309,309,2026-05-07,Email,Follow-up scheduled
310,310,2026-06-15,Call,Follow-up scheduled
311,311,2025-10-07,Email,Proposal discussed
312,312,2025-10-03,Meeting,Follow-up scheduled
313,313,2026-04-23,Meeting,Stakeholders engaged
314,314,2026-07-17,Email,Follow-up scheduled
315,315,2025-07-21,Meeting,Proposal discussed
316,316,2025-06-19,Call,Follow-up scheduled
317,317,2025-08-14,Email,Follow-up scheduled
318,318,2026-06-24,Meeting,Follow-up scheduled
319,319,2025-02-05,Meeting,Stakeholders engaged
320,320,2026-07-19,Meeting,Proposal discussed
321,321,2026-05-04,Email,Stakeholders engaged
322,322,2025-08-27,Email,Proposal discussed
323,323,2026-09-11,Call,Follow-up scheduled
324,324,2026-07-10,Call,Stakeholders engaged
325,325,2026-01-29,Meeting,Stakeholders engaged
326,326,2026-01-03,Meeting,Proposal discussed
327,327,2026-01-20,Call,Stakeholders engaged
328,328,2025-03-04,Meeting,Follow-up scheduled
329,329,2025-03-11,Call,Stakeholders engaged
330,330,2026-07-02,Email,Follow-up scheduled
331,331,2025-11-24,Meeting,Stakeholders engaged
332,332,2025-05-28,Meeting,Proposal discussed
333,333,2026-02-22,Meeting,Proposal discussed
334,334,2026-05-15,Email,Proposal discussed
335,335,2025-10-27,Call,Stakeholders engaged
336,336,2026-01-27,Meeting,Stakeholders engaged
337,337,2025-12-27,Call,Follow-up scheduled
338,338,2026-09-28,Meeting,Proposal discussed
339,339,2026-01-30,Meeting,Proposal discussed
340,340,2026-01-17,Email,Follow-up scheduled
341,341,2026-07-20,Meeting,Stakeholders engaged
342,342,2026-07-07,Meeting,Stakeholders engaged
343,343,2026-02-03,Call,Follow-up scheduled
344,344,2026-03-27,Meeting,Stakeholders engaged
345,345,2026-01-21,Email,Follow-up scheduled
346,346,2026-01-30,Meeting,Stakeholders engaged
347,347,2026-08-27,Call,Proposal discussed
348,348,2026-05-24,Meeting,Proposal discussed
349,349,2025-12-31,Email,Stakeholders engaged
350,350,2025-06-27,Email,Proposal discussed
351,351,2025-08-08,Meeting,Follow-up scheduled
352,352,2026-09-21,Meeting,Follow-up scheduled
353,353,2026-04-23,Email,Stakeholders engaged
354,354,2025-08-01,Meeting,Proposal discussed
355,355,2025-11-20,Email,Stakeholders engaged
356,356,2025-06-06,Meeting,Follow-up scheduled
357,357,2025-05-07,Call,Follow-up scheduled
358,358,2025-10-27,Call,Follow-up scheduled
359,359,2026-03-05,Email,Proposal discussed
360,360,2026-05-02,Email,Stakeholders engaged
361,361,2025-05-05,Call,Follow-up scheduled
362,362,2025-06-29,Email,Stakeholders engaged
363,363,2026-01-09,Email,Proposal discussed
364,364,2026-03-28,Email,Stakeholders engaged
365,365,2026-02-03,Email,Stakeholders engaged
366,366,2025-08-14,Meeting,Stakeholders engaged
367,367,2026-05-22,Meeting,Follow-up scheduled
368,368,2026-03-24,Meeting,Proposal discussed
369,369,2026-07-19,Meeting,Proposal discussed
370,370,2025-04-11,Call,Stakeholders engaged
371,371,2025-03-22,Call,Proposal discussed
372,372,2025-06-13,Call,Stakeholders engaged
373,373,2025-09-04,Email,Follow-up scheduled
374,374,2026-06-29,Call,Stakeholders engaged
375,375,2026-07-06,Email,Follow-up scheduled
376,376,2026-07-01,Meeting,Stakeholders engaged
377,377,2026-08-26,Email,Proposal discussed
378,378,2026-07-18,Call,Stakeholders engaged
379,379,2026-03-02,Meeting,Proposal discussed
380,380,2026-07-15,Call,Proposal discussed
381,381,2026-02-04,Email,Follow-up scheduled
382,382,2026-09-18,Email,Follow-up scheduled
383,383,2026-03-07,Email,Stakeholders engaged
384,384,2026-08-19,Meeting,Proposal discussed
385,385,2026-08-02,Call,Stakeholders engaged
386,386,2025-06-05,Meeting,Stakeholders engaged
387,387,2025-05-10,Email,Follow-up scheduled
388,388,2025-09-12,Meeting,Proposal discussed
389,389,2026-04-02,Call,Follow-up scheduled
390,390,2026-08-27,Email,Stakeholders engaged
391,391,2025-09-05,Call,Stakeholders engaged
392,392,2026-05-21,Call,Proposal discussed
393,393,2025-05-02,Call,Proposal discussed
394,394,2026-09-16,Call,Proposal discussed
395,395,2026-09-17,Email,Stakeholders engaged
396,396,2026-03-06,Call,Proposal discussed
397,397,2026-02-10,Call,Stakeholders engaged
398,398,2026-05-28,Call,Proposal discussed
399,399,2026-01-27,Meeting,Stakeholders engaged
400,400,2026-02-16,Meeting,Stakeholders engaged
401,401,2025-04-10,Email,Proposal discussed
402,402,2025-12-31,Call,Proposal discussed
403,403,2026-09-09,Call,Proposal discussed
404,404,2026-03-10,Meeting,Follow-up scheduled
405,405,2026-03-11,Meeting,Follow-up scheduled
406,406,2026-09-14,Meeting,Proposal discussed
407,407,2026-04-04,Call,Follow-up scheduled
408,408,2025-12-17,Meeting,Stakeholders engaged
409,409,2025-08-20,Meeting,Stakeholders engaged
410,410,2026-01-05,Email,Proposal discussed
411,411,2026-01-27,Meeting,Proposal discussed
412,412,2025-08-06,Meeting,Follow-up scheduled
413,413,2026-08-26,Email,Proposal discussed
414,414,2025-06-17,Email,Proposal discussed
415,415,2025-07-08,Call,Stakeholders engaged
416,416,2026-08-21,Email,Stakeholders engaged
417,417,2026-07-20,Email,Stakeholders engaged
418,418,2026-01-08,Call,Proposal discussed
419,419,2025-04-30,Meeting,Proposal discussed
420,420,2025-10-16,Call,Stakeholders engaged
421,421,2025-08-09,Email,Proposal discussed
422,422,2026-09-28,Call,Proposal discussed
423,423,2026-09-26,Meeting,Stakeholders engaged
424,424,2026-02-27,Email,Proposal discussed
425,425,2026-09-25,Email,Follow-up scheduled
426,426,2026-06-21,Call,Proposal discussed
427,427,2025-07-03,Email,Follow-up scheduled
428,428,2026-04-22,Email,Proposal discussed
429,429,2025-06-28,Email,Proposal discussed
430,430,2026-07-13,Call,Proposal discussed
431,431,2026-06-11,Meeting,Stakeholders engaged
432,432,2025-06-06,Meeting,Proposal discussed
433,433,2026-09-29,Meeting,Stakeholders engaged
434,434,2025-08-23,Meeting,Stakeholders engaged
435,435,2026-09-27,Email,Follow-up scheduled
436,436,2026-09-20,Call,Proposal discussed
437,437,2026-09-12,Meeting,Stakeholders engaged
438,438,2026-02-06,Call,Proposal discussed
439,439,2025-08-31,Meeting,Proposal discussed
440,440,2026-09-15,Meeting,Stakeholders engaged
441,441,2026-05-28,Call,Follow-up scheduled
442,442,2026-09-01,Email,Follow-up scheduled
443,443,2026-01-03,Call,Stakeholders engaged
444,444,2025-09-20,Call,Proposal discussed
445,445,2026-04-13,Meeting,Proposal discussed
446,446,2025-09-22,Email,Proposal discussed
447,447,2026-02-11,Meeting,Follow-up scheduled
448,448,2025-09-11,Meeting,Stakeholders engaged
449,449,2026-01-16,Call,Proposal discussed
450,450,2025-08-11,Call,Follow-up scheduled
451,451,2026-05-04,Email,Proposal discussed
452,452,2025-12-27,Call,Stakeholders engaged
453,453,2026-06-11,Email,Follow-up scheduled
454,454,2026-08-19,Meeting,Follow-up scheduled
455,455,2026-02-01,Meeting,Stakeholders engaged
456,456,2026-08-16,Email,Follow-up scheduled
457,457,2025-12-26,Email,Proposal discussed
458,458,2025-04-08,Meeting,Proposal discussed
459,459,2026-06-06,Email,Follow-up scheduled
460,460,2026-09-22,Email,Proposal discussed
461,461,2026-09-23,Meeting,Stakeholders engaged
462,462,2026-05-09,Email,Stakeholders engaged
463,463,2026-09-02,Meeting,Stakeholders engaged
464,464,2026-02-11,Email,Proposal discussed
465,465,2025-06-04,Call,Proposal discussed
466,466,2025-12-23,Call,Stakeholders engaged
467,467,2025-04-26,Email,Stakeholders engaged
468,468,2026-01-05,Email,Proposal discussed
469,469,2025-04-19,Meeting,Proposal discussed
470,470,2026-07-21,Email,Proposal discussed
471,471,2025-10-26,Call,Follow-up scheduled
472,472,2026-07-03,Call,Stakeholders engaged
473,473,2025-10-10,Email,Proposal discussed
474,474,2026-08-24,Call,Stakeholders engaged
475,475,2025-10-08,Email,Follow-up scheduled
476,476,2026-09-19,Meeting,Follow-up scheduled
477,477,2025-08-31,Call,Follow-up scheduled
478,478,2025-09-25,Call,Stakeholders engaged
479,479,2026-09-09,Meeting,Stakeholders engaged
480,480,2026-09-22,Meeting,Follow-up scheduled
481,481,2025-12-03,Call,Stakeholders engaged
482,482,2026-03-30,Meeting,Stakeholders engaged
483,483,2026-09-22,Email,Stakeholders engaged
484,484,2025-12-18,Call,Proposal discussed
485,485,2025-11-19,Call,Proposal discussed
486,486,2026-01-29,Email,Proposal discussed
487,487,2026-05-31,Meeting,Follow-up scheduled
488,488,2025-05-13,Call,Stakeholders engaged
489,489,2025-10-07,Call,Proposal discussed
490,490,2025-12-04,Call,Proposal discussed
491,491,2025-03-24,Meeting,Stakeholders engaged
492,492,2026-01-13,Call,Proposal discussed
493,493,2026-03-26,Call,Stakeholders engaged
494,494,2026-05-17,Meeting,Proposal discussed
495,495,2026-03-21,Call,Proposal discussed
496,496,2026-02-01,Email,Proposal discussed
497,497,2026-09-13,Call,Stakeholders engaged
498,498,2026-07-20,Email,Stakeholders engaged
499,499,2025-05-27,Email,Proposal discussed
500,500,2026-05-13,Call,Proposal discussed
501,501,2026-03-07,Call,Proposal discussed
502,502,2025-11-27,Meeting,Proposal discussed
503,503,2026-05-17,Call,Stakeholders engaged
504,504,2025-05-05,Email,Follow-up scheduled
505,505,2025-06-30,Email,Follow-up scheduled
506,506,2026-04-04,Email,Proposal discussed
507,507,2025-05-02,Email,Stakeholders engaged
508,508,2026-05-07,Email,Proposal discussed
509,509,2026-05-12,Call,Proposal discussed
510,510,2025-07-23,Call,Follow-up scheduled
511,511,2025-05-29,Email,Follow-up scheduled
512,512,2025-10-28,Call,Follow-up scheduled
513,513,2025-11-13,Meeting,Stakeholders engaged
514,514,2026-04-01,Email,Follow-up scheduled
515,515,2025-02-13,Call,Proposal discussed
516,516,2026-09-03,Meeting,Follow-up scheduled
517,517,2026-07-15,Call,Follow-up scheduled
518,518,2026-03-29,Email,Proposal discussed
519,519,2025-07-06,Call,Follow-up scheduled
520,520,2025-06-27,Email,Proposal discussed
521,521,2025-12-08,Email,Stakeholders engaged
522,522,2026-09-13,Call,Stakeholders engaged
523,523,2025-12-20,Meeting,Follow-up scheduled
524,524,2026-01-26,Meeting,Follow-up scheduled
525,525,2026-01-15,Call,Stakeholders engaged
526,526,2026-07-02,Call,Follow-up scheduled
527,527,2026-09-28,Call,Stakeholders engaged
528,528,2025-07-16,Email,Follow-up scheduled
529,529,2026-08-26,Email,Proposal discussed
530,530,2025-10-05,Call,Follow-up scheduled
531,531,2025-10-25,Call,Stakeholders engaged
532,532,2025-07-04,Email,Follow-up scheduled
533,533,2026-07-12,Call,Proposal discussed
534,534,2025-12-04,Call,Stakeholders engaged
535,535,2026-08-29,Email,Stakeholders engaged
536,536,2026-06-16,Call,Stakeholders engaged
537,537,2026-07-30,Email,Proposal discussed
538,538,2026-09-07,Call,Stakeholders engaged
539,539,2026-08-18,Meeting,Stakeholders engaged
540,540,2026-05-27,Meeting,Follow-up scheduled
541,541,2025-06-14,Meeting,Stakeholders engaged
542,542,2026-03-07,Meeting,Stakeholders engaged
543,543,2025-05-30,Call,Stakeholders engaged
544,544,2025-12-06,Meeting,Proposal discussed
545,545,2026-09-08,Meeting,Follow-up scheduled
546,546,2026-09-28,Call,Proposal discussed
547,547,2025-12-15,Meeting,Follow-up scheduled
548,548,2026-09-10,Meeting,Stakeholders engaged
549,549,2025-10-13,Meeting,Proposal discussed
550,550,2026-09-21,Call,Stakeholders engaged
551,551,2026-06-24,Call,Stakeholders engaged
552,552,2025-05-23,Meeting,Proposal discussed
553,553,2026-06-01,Meeting,Proposal discussed
554,554,2026-08-16,Email,Follow-up scheduled
555,555,2025-08-14,Email,Stakeholders engaged
556,556,2025-08-31,Meeting,Follow-up scheduled
557,557,2025-09-27,Email,Stakeholders engaged
558,558,2026-07-26,Call,Follow-up scheduled
559,559,2026-09-22,Call,Follow-up scheduled
560,560,2025-12-08,Meeting,Proposal discussed
561,561,2026-07-18,Email,Follow-up scheduled
562,562,2025-04-23,Call,Proposal discussed
563,563,2026-08-11,Email,Proposal discussed
564,564,2025-06-21,Email,Proposal discussed
565,565,2026-02-01,Email,Follow-up scheduled
566,566,2025-10-11,Call,Proposal discussed
567,567,2025-06-19,Call,Proposal discussed
568,568,2025-10-28,Email,Proposal discussed
569,569,2025-06-01,Email,Follow-up scheduled
570,570,2026-08-23,Email,Proposal discussed
571,571,2025-08-18,Email,Proposal discussed
572,572,2025-03-31,Meeting,Stakeholders engaged
573,573,2026-09-12,Email,Stakeholders engaged
574,574,2025-11-22,Email,Stakeholders engaged
575,575,2026-09-13,Call,Proposal discussed
576,576,2026-06-20,Email,Follow-up scheduled
577,577,2025-06-10,Email,Proposal discussed
578,578,2026-07-05,Call,Stakeholders engaged
579,579,2026-03-14,Meeting,Stakeholders engaged
580,580,2025-08-05,Meeting,Proposal discussed
581,581,2025-06-01,Meeting,Stakeholders engaged
582,582,2026-08-04,Meeting,Proposal discussed
583,583,2026-03-23,Call,Follow-up scheduled
584,584,2025-09-08,Meeting,Stakeholders engaged
585,585,2026-01-14,Call,Stakeholders engaged
586,586,2026-06-19,Meeting,Follow-up scheduled
587,587,2026-02-03,Call,Stakeholders engaged
588,588,2025-09-17,Email,Follow-up scheduled
589,589,2026-02-17,Call,Proposal discussed
590,590,2026-09-21,Email,Follow-up scheduled
591,591,2026-04-23,Call,Proposal discussed
592,592,2025-10-29,Email,Proposal discussed
593,593,2026-08-19,Email,Stakeholders engaged
594,594,2025-09-16,Email,Stakeholders engaged
595,595,2025-08-04,Meeting,Proposal discussed
596,596,2026-09-26,Email,Proposal discussed
597,597,2025-05-06,Call,Follow-up scheduled
598,598,2026-09-04,Meeting,Proposal discussed
599,599,2025-05-19,Meeting,Follow-up scheduled
600,600,2026-02-17,Call,Stakeholders engaged
601,601,2026-09-10,Email,Stakeholders engaged
602,602,2025-03-20,Email,Follow-up scheduled
603,603,2025-05-20,Email,Stakeholders engaged
604,604,2025-03-01,Email,Stakeholders engaged
605,605,2025-11-20,Call,Proposal discussed
606,606,2026-01-31,Meeting,Follow-up scheduled
607,607,2026-03-24,Call,Follow-up scheduled
608,608,2026-02-18,Meeting,Follow-up scheduled
609,609,2026-09-27,Meeting,Proposal discussed
610,610,2026-06-03,Meeting,Proposal discussed
611,611,2025-09-17,Email,Follow-up scheduled
612,612,2026-09-24,Meeting,Stakeholders engaged
613,613,2026-02-23,Call,Stakeholders engaged
614,614,2026-07-18,Meeting,Stakeholders engaged
615,615,2025-11-11,Meeting,Proposal discussed
616,616,2026-02-21,Meeting,Follow-up scheduled
617,617,2025-10-07,Call,Stakeholders engaged
618,618,2026-08-02,Meeting,Follow-up scheduled
619,619,2025-05-29,Meeting,Proposal discussed
620,620,2026-01-03,Call,Follow-up scheduled
621,621,2026-09-06,Email,Stakeholders engaged
622,622,2025-05-06,Meeting,Follow-up scheduled
623,623,2025-08-15,Call,Stakeholders engaged
624,624,2026-06-27,Meeting,Follow-up scheduled
625,625,2025-09-26,Meeting,Stakeholders engaged
626,626,2026-09-07,Meeting,Proposal discussed
627,627,2025-12-24,Call,Proposal discussed
628,628,2026-09-29,Meeting,Proposal discussed
629,629,2025-03-29,Email,Proposal discussed
630,630,2026-06-15,Call,Follow-up scheduled
631,631,2025-09-09,Email,Follow-up scheduled
632,632,2025-10-20,Meeting,Follow-up scheduled
633,633,2026-09-17,Call,Proposal discussed
634,634,2026-09-10,Meeting,Follow-up scheduled
635,635,2025-06-25,Call,Proposal discussed
636,636,2026-08-27,Call,Follow-up scheduled
637,637,2026-07-14,Call,Stakeholders engaged
638,638,2025-02-21,Email,Proposal discussed
639,639,2025-11-19,Meeting,Proposal discussed
640,640,2025-02-09,Email,Proposal discussed
641,641,2025-07-25,Call,Follow-up scheduled
642,642,2026-01-19,Email,Proposal discussed
643,643,2025-05-26,Email,Stakeholders engaged
644,644,2026-08-09,Email,Proposal discussed
645,645,2025-04-26,Call,Stakeholders engaged
646,646,2026-02-10,Call,Stakeholders engaged
647,647,2026-09-01,Meeting,Stakeholders engaged
648,648,2025-02-13,Call,Follow-up scheduled
649,649,2026-09-27,Meeting,Follow-up scheduled
650,650,2026-08-10,Email,Proposal discussed
651,651,2025-10-03,Meeting,Follow-up scheduled
652,652,2025-10-13,Email,Stakeholders engaged
653,653,2026-05-13,Call,Follow-up scheduled
654,654,2026-02-08,Meeting,Stakeholders engaged
655,655,2025-07-27,Call,Stakeholders engaged
656,656,2026-04-28,Call,Proposal discussed
657,657,2026-06-17,Meeting,Stakeholders engaged
658,658,2026-09-23,Email,Proposal discussed
659,659,2025-10-11,Call,Proposal discussed
660,660,2026-09-27,Meeting,Proposal discussed
661,661,2025-05-06,Meeting,Follow-up scheduled
662,662,2025-08-23,Call,Stakeholders engaged
663,663,2026-06-22,Call,Follow-up scheduled
664,664,2025-09-20,Meeting,Stakeholders engaged
665,665,2025-06-27,Meeting,Follow-up scheduled
666,666,2026-08-24,Email,Proposal discussed
667,667,2025-12-29,Call,Follow-up scheduled
668,668,2026-06-14,Call,Proposal discussed
669,669,2026-09-01,Email,Stakeholders engaged
670,670,2025-08-06,Meeting,Follow-up scheduled
671,671,2026-09-20,Email,Follow-up scheduled
672,672,2026-05-10,Call,Stakeholders engaged
673,673,2026-01-26,Meeting,Proposal discussed
674,674,2025-09-07,Call,Proposal discussed
675,675,2025-05-09,Meeting,Stakeholders engaged
676,676,2026-09-13,Meeting,Proposal discussed
677,677,2025-08-26,Call,Follow-up scheduled
678,678,2026-03-14,Email,Stakeholders engaged
679,679,2025-10-21,Call,Stakeholders engaged
680,680,2025-06-01,Email,Stakeholders engaged
681,681,2025-07-25,Meeting,Proposal discussed
682,682,2025-05-20,Meeting,Stakeholders engaged
683,683,2025-10-31,Email,Proposal discussed
684,684,2026-08-28,Call,Proposal discussed
685,685,2026-03-14,Call,Proposal discussed
686,686,2026-01-16,Email,Follow-up scheduled
687,687,2025-12-23,Meeting,Stakeholders engaged
688,688,2026-01-13,Meeting,Proposal discussed
689,689,2026-08-27,Meeting,Follow-up scheduled
690,690,2025-03-13,Call,Proposal discussed
691,691,2025-07-10,Call,Proposal discussed
692,692,2026-04-27,Call,Follow-up scheduled
693,693,2025-11-29,Meeting,Proposal discussed
694,694,2026-07-21,Meeting,Follow-up scheduled
695,695,2025-12-27,Meeting,Stakeholders engaged
696,696,2025-05-23,Meeting,Follow-up scheduled
697,697,2026-03-19,Call,Proposal discussed
698,698,2025-05-29,Meeting,Proposal discussed
699,699,2026-04-06,Email,Follow-up scheduled
700,700,2026-05-16,Email,Proposal discussed
701,701,2025-09-06,Email,Follow-up scheduled
702,702,2025-04-25,Meeting,Stakeholders engaged
703,703,2025-10-12,Meeting,Stakeholders engaged
704,704,2025-09-26,Meeting,Proposal discussed
705,705,2026-07-22,Meeting,Follow-up scheduled
706,706,2025-11-20,Email,Follow-up scheduled
707,707,2026-03-18,Email,Stakeholders engaged
708,708,2025-10-14,Email,Follow-up scheduled
709,709,2025-04-26,Call,Stakeholders engaged
710,710,2026-06-21,Call,Follow-up scheduled
711,711,2025-09-02,Email,Proposal discussed
712,712,2025-03-31,Call,Follow-up scheduled
713,713,2025-06-03,Call,Stakeholders engaged
714,714,2025-08-27,Call,Proposal discussed
715,715,2026-01-23,Email,Follow-up scheduled
716,716,2026-06-21,Email,Proposal discussed
717,717,2026-05-22,Meeting,Stakeholders engaged
718,718,2026-06-08,Email,Proposal discussed
719,719,2025-09-19,Email,Follow-up scheduled
720,720,2025-10-28,Email,Proposal discussed
721,721,2025-09-27,Call,Follow-up scheduled
722,722,2025-10-24,Call,Follow-up scheduled
723,723,2026-02-04,Email,Proposal discussed
724,724,2025-08-13,Email,Proposal discussed
725,725,2025-06-01,Meeting,Stakeholders engaged
726,726,2025-08-15,Call,Stakeholders engaged
727,727,2025-04-16,Call,Follow-up scheduled
728,728,2026-01-17,Meeting,Proposal discussed
729,729,2025-07-02,Meeting,Stakeholders engaged
730,730,2025-08-16,Meeting,Stakeholders engaged
731,731,2026-09-12,Call,Follow-up scheduled
732,732,2025-06-22,Email,Stakeholders engaged
733,733,2026-02-06,Email,Proposal discussed
734,734,2025-07-15,Email,Stakeholders engaged
735,735,2026-08-14,Call,Stakeholders engaged
736,736,2026-01-20,Meeting,Stakeholders engaged
737,737,2026-02-13,Email,Follow-up scheduled
738,738,2025-05-25,Call,Follow-up scheduled
739,739,2026-01-25,Email,Follow-up scheduled
740,740,2026-04-05,Email,Stakeholders engaged
741,741,2026-04-17,Meeting,Proposal discussed
742,742,2026-08-02,Call,Stakeholders engaged
743,743,2025-05-17,Call,Proposal discussed
744,744,2026-09-18,Meeting,Proposal discussed
745,745,2026-09-04,Call,Proposal discussed
746,746,2025-10-17,Email,Proposal discussed
747,747,2025-05-25,Email,Stakeholders engaged
748,748,2025-07-18,Call,Follow-up scheduled
749,749,2025-04-30,Meeting,Proposal discussed
750,750,2025-07-17,Meeting,Proposal discussed
751,751,2025-05-16,Call,Stakeholders engaged
752,752,2026-09-17,Meeting,Follow-up scheduled
753,753,2025-10-05,Meeting,Stakeholders engaged
754,754,2025-10-25,Meeting,Follow-up scheduled
755,755,2025-09-23,Call,Stakeholders engaged
756,756,2026-09-19,Email,Follow-up scheduled
757,757,2025-10-15,Email,Follow-up scheduled
758,758,2025-04-25,Email,Proposal discussed
759,759,2026-03-04,Meeting,Follow-up scheduled
760,760,2025-04-20,Email,Proposal discussed
761,761,2025-05-16,Email,Stakeholders engaged
762,762,2026-08-16,Email,Stakeholders engaged
763,763,2026-03-20,Meeting,Follow-up scheduled
764,764,2026-04-28,Email,Follow-up scheduled
765,765,2026-08-27,Call,Proposal discussed
766,766,2026-03-17,Call,Stakeholders engaged
767,767,2025-04-09,Call,Proposal discussed
768,768,2025-11-24,Call,Proposal discussed
769,769,2026-08-24,Meeting,Proposal discussed
770,770,2025-07-29,Meeting,Stakeholders engaged
771,771,2026-09-30,Meeting,Follow-up scheduled
772,772,2026-09-02,Call,Stakeholders engaged
773,773,2025-09-29,Call,Follow-up scheduled
774,774,2025-10-25,Email,Follow-up scheduled
775,775,2025-11-27,Email,Proposal discussed
776,776,2025-06-17,Email,Follow-up scheduled
777,777,2026-08-29,Call,Proposal discussed
778,778,2025-05-10,Email,Proposal discussed
779,779,2025-05-19,Call,Proposal discussed
780,780,2026-05-13,Call,Follow-up scheduled
781,781,2026-02-28,Meeting,Stakeholders engaged
782,782,2026-07-11,Meeting,Proposal discussed
783,783,2025-10-24,Email,Follow-up scheduled
784,784,2025-09-07,Call,Follow-up scheduled
785,785,2026-05-24,Meeting,Proposal discussed
786,786,2025-11-17,Meeting,Stakeholders engaged
787,787,2026-04-16,Meeting,Follow-up scheduled
788,788,2026-08-28,Meeting,Proposal discussed
789,789,2025-05-04,Call,Stakeholders engaged
790,790,2026-09-08,Call,Follow-up scheduled
791,791,2025-10-06,Meeting,Stakeholders engaged
792,792,2026-04-06,Email,Stakeholders engaged
793,793,2026-01-09,Email,Stakeholders engaged
794,794,2026-04-24,Email,Proposal discussed
795,795,2025-09-22,Call,Follow-up scheduled
796,796,2025-06-06,Call,Proposal discussed
797,797,2026-09-18,Meeting,Proposal discussed
798,798,2025-07-08,Call,Proposal discussed
799,799,2026-03-28,Meeting,Stakeholders engaged
800,800,2025-07-16,Email,Proposal discussed
801,801,2026-04-06,Email,Proposal discussed
802,802,2026-05-27,Call,Proposal discussed
803,803,2025-12-05,Email,Proposal discussed
804,804,2026-08-31,Call,Stakeholders engaged
805,805,2025-12-05,Meeting,Proposal discussed
806,806,2026-09-29,Call,Proposal discussed
807,807,2025-07-22,Email,Follow-up scheduled
808,808,2026-09-12,Call,Stakeholders engaged
809,809,2025-04-27,Meeting,Follow-up scheduled
810,810,2026-01-05,Email,Follow-up scheduled
811,811,2026-01-02,Call,Proposal discussed
812,812,2025-12-12,Call,Stakeholders engaged
813,813,2026-09-22,Email,Follow-up scheduled
814,814,2026-08-29,Meeting,Stakeholders engaged
815,815,2025-10-14,Meeting,Stakeholders engaged
816,816,2026-01-04,Email,Follow-up scheduled
817,817,2026-02-10,Email,Stakeholders engaged
818,818,2025-06-03,Email,Follow-up scheduled
819,819,2025-11-19,Meeting,Proposal discussed
820,820,2026-08-28,Meeting,Follow-up scheduled
821,821,2026-09-26,Meeting,Stakeholders engaged
822,822,2026-02-11,Call,Stakeholders engaged
823,823,2026-09-13,Email,Proposal discussed
824,824,2026-08-21,Call,Stakeholders engaged
825,825,2026-09-10,Meeting,Stakeholders engaged
826,826,2026-06-09,Email,Stakeholders engaged
827,827,2025-09-20,Email,Stakeholders engaged
828,828,2026-09-16,Call,Proposal discussed
829,829,2026-01-08,Meeting,Proposal discussed
830,830,2025-08-12,Meeting,Follow-up scheduled
831,831,2025-08-16,Meeting,Stakeholders engaged
832,832,2026-05-03,Email,Stakeholders engaged
833,833,2026-06-16,Call,Proposal discussed
834,834,2025-07-30,Call,Stakeholders engaged
835,835,2025-07-15,Call,Proposal discussed
836,836,2025-07-26,Call,Follow-up scheduled
837,837,2025-09-11,Meeting,Stakeholders engaged
838,838,2025-10-06,Email,Stakeholders engaged
839,839,2026-09-18,Email,Follow-up scheduled
840,840,2026-09-28,Call,Stakeholders engaged
841,841,2026-04-15,Email,Follow-up scheduled
842,842,2026-08-28,Call,Proposal discussed
843,843,2026-07-21,Meeting,Follow-up scheduled
844,844,2025-06-18,Call,Proposal discussed
845,845,2025-11-09,Email,Proposal discussed
846,846,2025-10-03,Call,Follow-up scheduled
847,847,2026-06-28,Email,Follow-up scheduled
848,848,2025-10-20,Email,Stakeholders engaged
849,849,2025-02-14,Call,Proposal discussed
850,850,2026-09-17,Call,Follow-up scheduled
851,851,2026-03-05,Meeting,Stakeholders engaged
852,852,2026-06-02,Call,Stakeholders engaged
853,853,2026-09-15,Call,Proposal discussed
854,854,2026-09-10,Email,Proposal discussed
855,855,2025-12-13,Call,Proposal discussed
856,856,2026-06-03,Call,Follow-up scheduled
857,857,2025-11-03,Meeting,Follow-up scheduled
858,858,2026-07-18,Meeting,Stakeholders engaged
859,859,2026-01-23,Meeting,Proposal discussed
860,860,2026-07-05,Email,Stakeholders engaged
861,861,2026-09-12,Call,Stakeholders engaged
862,862,2026-05-10,Email,Proposal discussed
863,863,2026-07-29,Email,Follow-up scheduled
864,864,2025-10-24,Meeting,Follow-up scheduled
865,865,2026-02-20,Call,Proposal discussed
866,866,2026-05-15,Call,Follow-up scheduled
867,867,2026-08-06,Call,Follow-up scheduled
868,868,2026-08-12,Meeting,Follow-up scheduled
869,869,2025-06-19,Call,Proposal discussed
870,870,2025-07-24,Email,Stakeholders engaged
871,871,2026-09-22,Call,Stakeholders engaged
872,872,2026-02-04,Call,Proposal discussed
873,873,2026-05-11,Call,Proposal discussed
874,874,2025-06-06,Email,Follow-up scheduled
875,875,2026-06-10,Meeting,Stakeholders engaged
876,876,2026-06-20,Meeting,Proposal discussed
877,877,2025-02-24,Meeting,Proposal discussed
878,878,2025-04-21,Call,Stakeholders engaged
879,879,2026-09-09,Call,Stakeholders engaged
880,880,2025-04-04,Call,Proposal discussed
881,881,2025-12-09,Email,Proposal discussed
882,882,2026-04-06,Email,Follow-up scheduled
883,883,2026-07-17,Call,Follow-up scheduled
884,884,2026-01-09,Email,Follow-up scheduled
885,885,2025-09-05,Email,Follow-up scheduled
886,886,2025-09-15,Email,Proposal discussed
887,887,2025-10-13,Email,Proposal discussed
888,888,2026-06-19,Email,Stakeholders engaged
889,889,2025-04-25,Call,Follow-up scheduled
890,890,2026-05-26,Email,Stakeholders engaged
891,891,2026-01-11,Call,Proposal discussed
892,892,2025-10-25,Call,Proposal discussed
893,893,2026-09-08,Email,Proposal discussed
894,894,2025-04-12,Meeting,Proposal discussed
895,895,2026-05-08,Email,Follow-up scheduled
896,896,2025-05-25,Meeting,Proposal discussed
897,897,2025-09-24,Meeting,Proposal discussed
898,898,2025-09-17,Meeting,Proposal discussed
899,899,2025-11-30,Meeting,Stakeholders engaged
900,900,2025-08-12,Meeting,Stakeholders engaged
901,901,2026-09-03,Meeting,Follow-up scheduled
902,902,2026-02-27,Meeting,Stakeholders engaged
903,903,2025-02-03,Meeting,Follow-up scheduled
904,904,2025-10-09,Call,Follow-up scheduled
905,905,2026-09-12,Meeting,Proposal discussed
906,906,2025-12-16,Email,Stakeholders engaged
907,907,2026-02-07,Call,Stakeholders engaged
908,908,2025-04-25,Meeting,Proposal discussed
909,909,2025-10-27,Call,Proposal discussed
910,910,2025-07-16,Meeting,Stakeholders engaged
911,911,2026-02-16,Email,Proposal discussed
912,912,2025-11-30,Call,Proposal discussed
913,913,2026-04-09,Call,Stakeholders engaged
914,914,2026-07-16,Call,Follow-up scheduled
915,915,2026-09-16,Email,Follow-up scheduled
916,916,2025-09-11,Meeting,Follow-up scheduled
917,917,2025-10-28,Email,Stakeholders engaged
918,918,2025-04-01,Email,Proposal discussed
919,919,2026-01-24,Meeting,Follow-up scheduled
920,920,2025-05-18,Email,Stakeholders engaged
921,921,2026-05-06,Call,Proposal discussed
922,922,2025-04-22,Call,Follow-up scheduled
923,923,2026-08-15,Meeting,Follow-up scheduled
924,924,2025-05-29,Email,Follow-up scheduled
925,925,2025-06-10,Email,Follow-up scheduled
926,926,2025-03-16,Meeting,Proposal discussed
927,927,2026-07-29,Meeting,Proposal discussed
928,928,2026-01-10,Meeting,Follow-up scheduled
929,929,2025-09-10,Call,Proposal discussed
930,930,2026-08-30,Meeting,Follow-up scheduled
931,931,2026-04-22,Meeting,Stakeholders engaged
932,932,2025-10-29,Call,Follow-up scheduled
933,933,2026-09-21,Call,Follow-up scheduled
934,934,2026-08-18,Email,Proposal discussed
935,935,2026-02-17,Meeting,Stakeholders engaged
936,936,2026-09-26,Meeting,Stakeholders engaged
937,937,2026-04-17,Call,Follow-up scheduled
938,938,2026-07-31,Call,Proposal discussed
939,939,2025-04-09,Email,Proposal discussed
940,940,2026-05-04,Email,Follow-up scheduled
941,941,2026-02-05,Email,Follow-up scheduled
942,942,2026-09-14,Email,Proposal discussed
943,943,2026-01-12,Email,Stakeholders engaged
944,944,2025-07-01,Call,Proposal discussed
945,945,2025-12-31,Email,Follow-up scheduled
946,946,2025-11-06,Call,Proposal discussed
947,947,2026-09-21,Meeting,Proposal discussed
948,948,2026-04-30,Meeting,Stakeholders engaged
949,949,2025-08-12,Meeting,Stakeholders engaged
950,950,2026-09-13,Call,Proposal discussed
951,951,2026-09-26,Email,Stakeholders engaged
952,952,2025-04-18,Email,Proposal discussed
953,953,2025-10-26,Email,Proposal discussed
954,954,2026-06-12,Call,Proposal discussed
955,955,2025-10-04,Call,Proposal discussed
956,956,2026-06-20,Call,Stakeholders engaged
957,957,2026-07-12,Email,Proposal discussed
958,958,2026-08-23,Meeting,Follow-up scheduled
959,959,2025-08-08,Call,Follow-up scheduled
960,960,2026-02-11,Email,Stakeholders engaged
961,961,2026-06-19,Call,Proposal discussed
962,962,2026-04-13,Meeting,Follow-up scheduled
963,963,2026-09-29,Meeting,Proposal discussed
964,964,2026-06-19,Call,Stakeholders engaged
965,965,2025-11-08,Call,Proposal discussed
966,966,2025-09-26,Call,Stakeholders engaged
967,967,2025-03-01,Call,Follow-up scheduled
968,968,2026-04-17,Call,Proposal discussed
969,969,2026-09-05,Meeting,Follow-up scheduled
970,970,2026-09-24,Email,Proposal discussed
971,971,2025-05-16,Call,Follow-up scheduled
972,972,2025-10-18,Call,Follow-up scheduled
973,973,2025-11-18,Call,Proposal discussed
974,974,2025-07-12,Email,Follow-up scheduled
975,975,2026-08-20,Email,Stakeholders engaged
976,976,2026-07-28,Call,Follow-up scheduled
977,977,2025-10-17,Meeting,Follow-up scheduled
978,978,2025-10-04,Email,Stakeholders engaged
979,979,2025-06-06,Meeting,Follow-up scheduled
980,980,2026-04-11,Email,Stakeholders engaged
981,981,2025-12-02,Call,Proposal discussed
982,982,2026-03-27,Call,Stakeholders engaged
983,983,2026-01-01,Meeting,Proposal discussed
984,984,2026-09-30,Email,Follow-up scheduled
985,985,2025-10-02,Call,Follow-up scheduled
986,986,2026-01-10,Call,Follow-up scheduled
987,987,2026-03-27,Email,Stakeholders engaged
988,988,2026-03-21,Meeting,Proposal discussed
989,989,2025-10-24,Call,Proposal discussed
990,990,2025-12-18,Email,Proposal discussed
991,991,2026-09-27,Call,Follow-up scheduled
992,992,2025-09-01,Call,Follow-up scheduled
993,993,2025-10-21,Email,Stakeholders engaged
994,994,2025-08-30,Email,Proposal discussed
995,995,2025-10-23,Call,Proposal discussed
996,996,2025-01-28,Email,Follow-up scheduled
997,997,2026-01-07,Email,Proposal discussed
998,998,2026-09-19,Email,Stakeholders engaged
999,999,2026-08-28,Meeting,Follow-up scheduled
1000,1000,2025-10-09,Call,Proposal discussed
1001,1001,2025-07-19,Meeting,Stakeholders engaged
1002,1002,2025-03-18,Call,Proposal discussed
1003,1003,2026-09-25,Meeting,Stakeholders engaged
1004,1004,2026-08-12,Call,Proposal discussed
1005,1005,2026-04-26,Meeting,Follow-up scheduled
1006,1006,2025-05-29,Meeting,Follow-up scheduled
1007,1007,2026-07-04,Email,Proposal discussed
1008,1008,2026-09-22,Meeting,Proposal discussed
1009,1009,2025-06-14,Meeting,Follow-up scheduled
1010,1010,2025-08-18,Call,Stakeholders engaged
1011,1011,2026-05-16,Meeting,Follow-up scheduled
1012,1012,2025-05-29,Call,Follow-up scheduled
1013,1013,2025-07-13,Call,Follow-up scheduled
1014,1014,2025-04-16,Meeting,Follow-up scheduled
1015,1015,2025-09-19,Email,Proposal discussed
1016,1016,2026-07-02,Call,Follow-up scheduled
1017,1017,2025-05-20,Email,Proposal discussed
1018,1018,2026-09-10,Meeting,Proposal discussed
1019,1019,2025-03-20,Email,Follow-up scheduled
1020,1020,2026-09-13,Call,Proposal discussed
1021,1021,2025-04-01,Meeting,Follow-up scheduled
1022,1022,2026-08-16,Email,Stakeholders engaged
1023,1023,2025-12-18,Call,Proposal discussed
1024,1024,2025-10-20,Email,Proposal discussed
1025,1025,2026-09-16,Email,Stakeholders engaged
1026,1026,2025-07-10,Meeting,Proposal discussed
1027,1027,2025-12-04,Call,Follow-up scheduled
1028,1028,2026-07-10,Email,Stakeholders engaged
1029,1029,2025-08-21,Email,Proposal discussed
1030,1030,2026-05-31,Meeting,Stakeholders engaged
1031,1031,2025-10-14,Call,Follow-up scheduled
1032,1032,2025-04-18,Call,Stakeholders engaged
1033,1033,2025-07-22,Call,Stakeholders engaged
1034,1034,2025-04-26,Meeting,Proposal discussed
1035,1035,2026-01-14,Email,Follow-up scheduled
1036,1036,2026-05-22,Call,Stakeholders engaged
1037,1037,2026-09-11,Call,Stakeholders engaged
1038,1038,2026-07-05,Call,Stakeholders engaged
1039,1039,2026-05-22,Meeting,Follow-up scheduled
1040,1040,2026-09-24,Meeting,Proposal discussed
1041,1041,2025-05-19,Email,Stakeholders engaged
1042,1042,2025-06-25,Call,Proposal discussed
1043,1043,2025-06-08,Call,Proposal discussed
1044,1044,2025-12-26,Meeting,Proposal discussed
1045,1045,2026-01-19,Meeting,Proposal discussed
1046,1046,2025-07-09,Meeting,Follow-up scheduled
1047,1047,2026-06-14,Meeting,Follow-up scheduled
1048,1048,2026-07-16,Call,Proposal discussed
1049,1049,2026-09-23,Email,Proposal discussed
1050,1050,2025-08-02,Meeting,Follow-up scheduled
1051,1051,2025-12-09,Email,Stakeholders engaged
1052,1052,2025-08-20,Email,Stakeholders engaged
1053,1053,2025-06-23,Meeting,Follow-up scheduled
1054,1054,2025-03-21,Meeting,Stakeholders engaged
1055,1055,2025-04-26,Email,Proposal discussed
1056,1056,2026-02-24,Email,Proposal discussed
1057,1057,2026-04-11,Email,Follow-up scheduled
1058,1058,2025-10-27,Call,Proposal discussed
1059,1059,2026-06-29,Meeting,Stakeholders engaged
1060,1060,2025-06-17,Meeting,Follow-up scheduled
1061,1061,2026-08-09,Call,Follow-up scheduled
1062,1062,2026-06-27,Meeting,Proposal discussed
1063,1063,2026-09-14,Call,Proposal discussed
1064,1064,2026-08-25,Call,Stakeholders engaged
1065,1065,2026-05-24,Call,Proposal discussed
1066,1066,2026-08-18,Meeting,Proposal discussed
1067,1067,2025-03-17,Meeting,Proposal discussed
1068,1068,2026-01-25,Meeting,Stakeholders engaged
1069,1069,2026-02-12,Call,Proposal discussed
1070,1070,2025-10-21,Email,Stakeholders engaged
1071,1071,2025-08-14,Meeting,Proposal discussed
1072,1072,2025-02-24,Meeting,Follow-up scheduled
1073,1073,2026-02-02,Call,Proposal discussed
1074,1074,2025-07-21,Call,Stakeholders engaged
1075,1075,2026-07-15,Call,Stakeholders engaged
1076,1076,2026-02-20,Email,Proposal discussed
1077,1077,2025-07-03,Call,Stakeholders engaged
1078,1078,2026-04-16,Call,Proposal discussed
1079,1079,2026-08-13,Email,Stakeholders engaged
1080,1080,2026-08-25,Email,Follow-up scheduled
1081,1081,2026-02-07,Call,Stakeholders engaged
1082,1082,2025-04-11,Call,Stakeholders engaged
1083,1083,2025-12-22,Meeting,Proposal discussed
1084,1084,2026-02-04,Call,Stakeholders engaged
1085,1085,2026-08-26,Call,Stakeholders engaged
1086,1086,2025-07-28,Meeting,Follow-up scheduled
1087,1087,2025-12-22,Email,Proposal discussed
1088,1088,2025-09-07,Email,Stakeholders engaged
1089,1089,2026-02-19,Call,Follow-up scheduled
1090,1090,2025-09-18,Call,Stakeholders engaged
1091,1091,2025-06-05,Meeting,Follow-up scheduled
1092,1092,2026-09-21,Email,Follow-up scheduled
1093,1093,2026-06-07,Meeting,Proposal discussed
1094,1094,2025-09-19,Email,Follow-up scheduled
1095,1095,2026-01-15,Meeting,Proposal discussed
1096,1096,2025-08-12,Meeting,Proposal discussed
1097,1097,2026-07-11,Meeting,Stakeholders engaged
1098,1098,2025-12-24,Meeting,Proposal discussed
1099,1099,2025-07-02,Call,Follow-up scheduled
1100,1100,2026-06-20,Call,Follow-up scheduled
1101,1101,2026-01-27,Email,Follow-up scheduled
1102,1102,2026-07-23,Meeting,Follow-up scheduled
1103,1103,2025-12-15,Meeting,Stakeholders engaged
1104,1104,2025-12-08,Call,Proposal discussed
1105,1105,2026-09-06,Call,Proposal discussed
1106,1106,2025-03-17,Meeting,Stakeholders engaged
1107,1107,2025-05-29,Email,Proposal discussed
1108,1108,2025-08-04,Email,Follow-up scheduled
1109,1109,2026-09-02,Call,Proposal discussed
1110,1110,2026-04-08,Meeting,Follow-up scheduled
1111,1111,2025-03-16,Call,Proposal discussed
1112,1112,2025-09-19,Email,Stakeholders engaged
1113,1113,2026-09-30,Meeting,Proposal discussed
1114,1114,2026-09-04,Email,Follow-up scheduled
1115,1115,2026-07-31,Call,Stakeholders engaged
1116,1116,2026-08-26,Meeting,Proposal discussed
1117,1117,2026-09-06,Meeting,Follow-up scheduled
1118,1118,2025-08-23,Call,Stakeholders engaged
1119,1119,2025-12-06,Meeting,Proposal discussed
1120,1120,2025-12-12,Call,Stakeholders engaged
1121,1121,2026-01-26,Email,Proposal discussed
1122,1122,2026-07-07,Call,Proposal discussed
1123,1123,2026-08-28,Meeting,Proposal discussed
1124,1124,2025-09-07,Email,Proposal discussed
1125,1125,2026-03-25,Email,Follow-up scheduled
1126,1126,2025-09-24,Meeting,Follow-up scheduled
1127,1127,2025-09-19,Email,Proposal discussed
1128,1128,2025-08-18,Meeting,Follow-up scheduled
1129,1129,2025-04-10,Email,Proposal discussed
1130,1130,2025-08-11,Call,Proposal discussed
1131,1131,2025-05-17,Call,Stakeholders engaged
1132,1132,2025-09-04,Email,Follow-up scheduled
1133,1133,2025-12-18,Call,Stakeholders engaged
1134,1134,2025-10-07,Call,Follow-up scheduled
1135,1135,2026-05-31,Email,Proposal discussed
1136,1136,2026-07-13,Call,Proposal discussed
1137,1137,2025-06-22,Meeting,Proposal discussed
1138,1138,2025-09-02,Email,Proposal discussed
1139,1139,2025-03-23,Call,Stakeholders engaged
1140,1140,2025-06-09,Meeting,Proposal discussed
1141,1141,2025-10-24,Call,Proposal discussed
1142,1142,2026-09-06,Email,Stakeholders engaged
1143,1143,2025-10-26,Meeting,Stakeholders engaged
1144,1144,2026-08-16,Meeting,Stakeholders engaged
1145,1145,2026-08-17,Meeting,Follow-up scheduled
1146,1146,2025-05-30,Email,Follow-up scheduled
1147,1147,2026-05-28,Email,Stakeholders engaged
1148,1148,2025-08-22,Email,Stakeholders engaged
1149,1149,2026-08-13,Meeting,Proposal discussed
1150,1150,2026-02-28,Email,Follow-up scheduled
1151,1151,2026-09-24,Email,Proposal discussed
1152,1152,2026-09-11,Call,Stakeholders engaged
1153,1153,2025-06-30,Call,Follow-up scheduled
1154,1154,2026-04-22,Call,Follow-up scheduled
1155,1155,2025-08-13,Call,Proposal discussed
1156,1156,2025-11-22,Call,Follow-up scheduled
1157,1157,2026-05-23,Call,Stakeholders engaged
1158,1158,2026-02-15,Meeting,Proposal discussed
1159,1159,2025-09-28,Meeting,Proposal discussed
1160,1160,2025-06-03,Email,Stakeholders engaged
1161,1161,2026-08-25,Call,Proposal discussed
1162,1162,2025-03-09,Meeting,Stakeholders engaged
1163,1163,2025-04-29,Call,Proposal discussed
1164,1164,2025-03-14,Call,Follow-up scheduled
1165,1165,2025-11-29,Call,Stakeholders engaged
1166,1166,2026-05-25,Email,Proposal discussed
1167,1167,2026-06-01,Call,Follow-up scheduled
1168,1168,2026-03-17,Meeting,Proposal discussed
1169,1169,2025-10-05,Meeting,Follow-up scheduled
1170,1170,2026-05-06,Call,Proposal discussed
1171,1171,2026-03-01,Email,Follow-up scheduled
1172,1172,2026-05-05,Call,Stakeholders engaged
1173,1173,2026-04-25,Meeting,Proposal discussed
1174,1174,2026-09-28,Call,Stakeholders engaged
1175,1175,2025-05-27,Meeting,Proposal discussed
1176,1176,2026-06-25,Meeting,Proposal discussed
1177,1177,2026-07-30,Call,Proposal discussed
1178,1178,2025-11-21,Call,Proposal discussed
1179,1179,2025-12-24,Email,Proposal discussed
1180,1180,2026-08-29,Meeting,Stakeholders engaged
1181,1181,2025-05-12,Email,Stakeholders engaged
1182,1182,2026-08-26,Call,Stakeholders engaged
1183,1183,2026-08-19,Email,Stakeholders engaged
1184,1184,2025-10-07,Meeting,Follow-up scheduled
1185,1185,2026-05-18,Meeting,Follow-up scheduled
1186,1186,2026-05-16,Email,Stakeholders engaged
1187,1187,2025-10-22,Meeting,Follow-up scheduled
1188,1188,2025-05-28,Meeting,Proposal discussed
1189,1189,2025-11-02,Call,Proposal discussed
1190,1190,2025-12-05,Meeting,Proposal discussed
1191,1191,2026-02-14,Call,Follow-up scheduled
1192,1192,2025-05-03,Email,Follow-up scheduled
1193,1193,2025-12-30,Email,Proposal discussed
1194,1194,2025-12-31,Call,Stakeholders engaged
1195,1195,2025-11-17,Call,Proposal discussed
1196,1196,2025-06-13,Call,Proposal discussed
1197,1197,2025-10-24,Meeting,Stakeholders engaged
1198,1198,2026-04-22,Meeting,Proposal discussed
1199,1199,2026-09-22,Meeting,Proposal discussed
1200,1200,2025-09-14,Call,Proposal discussed
1201,1201,2026-09-06,Email,Follow-up scheduled
1202,1202,2025-10-04,Email,Proposal discussed
1203,1203,2026-09-18,Meeting,Proposal discussed
1204,1204,2026-05-29,Call,Follow-up scheduled
1205,1205,2026-08-01,Call,Follow-up scheduled
1206,1206,2026-01-29,Email,Stakeholders engaged
1207,1207,2026-06-13,Meeting,Proposal discussed
1208,1208,2025-04-13,Call,Stakeholders engaged
1209,1209,2025-04-19,Meeting,Stakeholders engaged
1210,1210,2026-05-02,Email,Stakeholders engaged
1211,1211,2025-06-26,Call,Stakeholders engaged
1212,1212,2025-09-28,Email,Stakeholders engaged
1213,1213,2025-08-27,Email,Proposal discussed
1214,1214,2026-01-15,Email,Follow-up scheduled
1215,1215,2025-12-29,Call,Follow-up scheduled
1216,1216,2025-09-14,Email,Stakeholders engaged
1217,1217,2026-09-08,Meeting,Proposal discussed
1218,1218,2025-05-26,Meeting,Follow-up scheduled
1219,1219,2026-09-07,Call,Stakeholders engaged
1220,1220,2026-04-03,Call,Proposal discussed
1221,1221,2026-08-14,Meeting,Stakeholders engaged
1222,1222,2025-11-06,Call,Proposal discussed
1223,1223,2025-09-23,Email,Follow-up scheduled
1224,1224,2026-09-27,Call,Stakeholders engaged
1225,1225,2025-11-24,Email,Follow-up scheduled
1226,1226,2025-11-17,Meeting,Stakeholders engaged
1227,1227,2026-09-02,Email,Proposal discussed
1228,1228,2025-11-22,Meeting,Follow-up scheduled
1229,1229,2026-04-14,Call,Follow-up scheduled
1230,1230,2025-05-19,Email,Follow-up scheduled
1231,1231,2025-11-14,Email,Follow-up scheduled
1232,1232,2026-02-11,Meeting,Stakeholders engaged
1233,1233,2026-04-17,Email,Proposal discussed
1234,1234,2026-03-02,Meeting,Stakeholders engaged
1235,1235,2026-01-04,Meeting,Proposal discussed
1236,1236,2025-07-15,Email,Proposal discussed
1237,1237,2025-12-30,Email,Proposal discussed
1238,1238,2025-05-21,Call,Follow-up scheduled
1239,1239,2025-10-07,Meeting,Stakeholders engaged
1240,1240,2026-06-03,Meeting,Proposal discussed
1241,1241,2025-07-14,Email,Follow-up scheduled
1242,1242,2025-06-02,Email,Follow-up scheduled
1243,1243,2026-08-06,Meeting,Proposal discussed
1244,1244,2025-12-27,Email,Proposal discussed
1245,1245,2026-09-05,Call,Stakeholders engaged
1246,1246,2025-05-28,Meeting,Proposal discussed
1247,1247,2026-09-18,Meeting,Follow-up scheduled
1248,1248,2025-09-02,Call,Proposal discussed
1249,1249,2026-07-31,Email,Stakeholders engaged
1250,1250,2025-11-14,Meeting,Follow-up scheduled
1251,1251,2026-06-21,Meeting,Stakeholders engaged
1252,1252,2026-05-11,Meeting,Follow-up scheduled
1253,1253,2026-07-03,Email,Follow-up scheduled
1254,1254,2025-09-07,Meeting,Stakeholders engaged
1255,1255,2025-04-10,Email,Stakeholders engaged
1256,1256,2026-09-18,Email,Stakeholders engaged
1257,1257,2026-03-15,Call,Stakeholders engaged
1258,1258,2026-09-06,Meeting,Proposal discussed
1259,1259,2026-07-19,Meeting,Follow-up scheduled
1260,1260,2025-03-09,Email,Stakeholders engaged
1261,1261,2026-01-01,Call,Proposal discussed
1262,1262,2026-02-17,Meeting,Follow-up scheduled
1263,1263,2026-09-10,Call,Follow-up scheduled
1264,1264,2026-04-27,Meeting,Proposal discussed
1265,1265,2025-10-30,Email,Stakeholders engaged
1266,1266,2025-12-29,Meeting,Stakeholders engaged
1267,1267,2025-04-10,Call,Follow-up scheduled
1268,1268,2026-01-15,Call,Proposal discussed
1269,1269,2026-09-08,Email,Proposal discussed
1270,1270,2026-04-19,Call,Proposal discussed
1271,1271,2026-09-23,Call,Follow-up scheduled
1272,1272,2026-04-26,Meeting,Proposal discussed
1273,1273,2025-10-21,Email,Proposal discussed
1274,1274,2025-05-26,Email,Follow-up scheduled
1275,1275,2026-09-12,Meeting,Follow-up scheduled
1276,1276,2026-02-09,Meeting,Follow-up scheduled
1277,1277,2026-01-09,Call,Follow-up scheduled
1278,1278,2025-12-05,Meeting,Stakeholders engaged
1279,1279,2026-01-14,Meeting,Proposal discussed
1280,1280,2026-09-03,Meeting,Follow-up scheduled
1281,1281,2025-12-08,Email,Stakeholders engaged
1282,1282,2025-11-15,Meeting,Follow-up scheduled
1283,1283,2025-03-02,Call,Stakeholders engaged
1284,1284,2026-09-12,Email,Proposal discussed
1285,1285,2025-10-05,Meeting,Proposal discussed
1286,1286,2025-12-05,Email,Follow-up scheduled
1287,1287,2025-12-07,Email,Proposal discussed
1288,1288,2026-04-14,Call,Proposal discussed
1289,1289,2025-04-24,Email,Proposal discussed
1290,1290,2026-08-24,Call,Stakeholders engaged
1291,1291,2026-08-21,Call,Follow-up scheduled
1292,1292,2025-10-07,Meeting,Proposal discussed
1293,1293,2026-05-20,Meeting,Stakeholders engaged
1294,1294,2026-09-10,Meeting,Follow-up scheduled
1295,1295,2026-04-29,Email,Follow-up scheduled
1296,1296,2026-09-24,Email,Stakeholders engaged
1297,1297,2025-12-21,Call,Proposal discussed
1298,1298,2025-07-16,Meeting,Stakeholders engaged
1299,1299,2026-07-13,Call,Stakeholders engaged
1300,1300,2026-09-25,Call,Proposal discussed
1301,1301,2026-03-19,Meeting,Stakeholders engaged
1302,1302,2026-06-27,Email,Follow-up scheduled
1303,1303,2026-06-04,Call,Stakeholders engaged
1304,1304,2026-02-17,Meeting,Stakeholders engaged
1305,1305,2026-08-27,Call,Proposal discussed
1306,1306,2026-04-04,Call,Proposal discussed
1307,1307,2026-07-08,Email,Follow-up scheduled
1308,1308,2025-05-22,Call,Follow-up scheduled
1309,1309,2025-09-14,Call,Proposal discussed
1310,1310,2025-09-28,Meeting,Proposal discussed
1311,1311,2025-04-08,Meeting,Stakeholders engaged
1312,1312,2025-12-16,Call,Follow-up scheduled
1313,1313,2026-09-14,Meeting,Stakeholders engaged
1314,1314,2025-04-03,Call,Proposal discussed
1315,1315,2025-12-20,Call,Stakeholders engaged
1316,1316,2026-05-21,Call,Follow-up scheduled
1317,1317,2026-02-10,Email,Proposal discussed
1318,1318,2025-12-24,Call,Stakeholders engaged
1319,1319,2026-02-23,Meeting,Follow-up scheduled
1320,1320,2025-07-07,Call,Follow-up scheduled
1321,1321,2026-08-26,Email,Proposal discussed
1322,1322,2026-08-16,Email,Follow-up scheduled
1323,1323,2025-04-16,Meeting,Stakeholders engaged
1324,1324,2026-04-13,Email,Follow-up scheduled
1325,1325,2026-09-29,Email,Proposal discussed
1326,1326,2025-03-19,Call,Follow-up scheduled
1327,1327,2026-05-16,Email,Follow-up scheduled
1328,1328,2026-02-28,Email,Follow-up scheduled
1329,1329,2026-05-24,Meeting,Follow-up scheduled
1330,1330,2026-07-13,Call,Proposal discussed
1331,1331,2025-02-28,Email,Proposal discussed
1332,1332,2025-12-16,Call,Proposal discussed
1333,1333,2025-10-29,Meeting,Stakeholders engaged
1334,1334,2025-11-08,Call,Follow-up scheduled
1335,1335,2026-07-10,Meeting,Follow-up scheduled
1336,1336,2026-01-13,Email,Proposal discussed
1337,1337,2026-08-26,Email,Proposal discussed
1338,1338,2026-07-05,Call,Stakeholders engaged
1339,1339,2025-11-05,Call,Follow-up scheduled
1340,1340,2026-05-14,Meeting,Proposal discussed
1341,1341,2025-05-05,Call,Proposal discussed
1342,1342,2025-10-11,Email,Proposal discussed
1343,1343,2025-06-21,Call,Follow-up scheduled
1344,1344,2025-06-18,Call,Follow-up scheduled
1345,1345,2025-04-30,Email,Stakeholders engaged
1346,1346,2025-06-24,Call,Stakeholders engaged
1347,1347,2026-03-07,Email,Stakeholders engaged
1348,1348,2025-03-14,Meeting,Proposal discussed
1349,1349,2026-02-03,Call,Follow-up scheduled
1350,1350,2025-12-21,Email,Follow-up scheduled
1351,1351,2025-10-24,Meeting,Proposal discussed
1352,1352,2026-02-01,Meeting,Stakeholders engaged
1353,1353,2026-08-25,Meeting,Proposal discussed
1354,1354,2025-12-26,Email,Proposal discussed
1355,1355,2026-06-25,Meeting,Stakeholders engaged
1356,1356,2025-06-24,Meeting,Proposal discussed
1357,1357,2025-09-04,Email,Stakeholders engaged
1358,1358,2025-11-30,Email,Follow-up scheduled
1359,1359,2026-04-21,Call,Follow-up scheduled
1360,1360,2025-06-05,Meeting,Stakeholders engaged
1361,1361,2025-03-24,Email,Proposal discussed
1362,1362,2026-06-22,Call,Follow-up scheduled
1363,1363,2025-07-28,Email,Follow-up scheduled
1364,1364,2026-09-29,Call,Follow-up scheduled
1365,1365,2026-09-07,Email,Follow-up scheduled
1366,1366,2025-06-29,Email,Follow-up scheduled
1367,1367,2026-04-21,Call,Proposal discussed
1368,1368,2025-10-20,Email,Proposal discussed
1369,1369,2025-11-15,Call,Follow-up scheduled
1370,1370,2026-03-25,Email,Stakeholders engaged
1371,1371,2026-03-31,Call,Stakeholders engaged
1372,1372,2025-10-22,Email,Follow-up scheduled
1373,1373,2026-07-11,Call,Proposal discussed
1374,1374,2026-06-01,Call,Follow-up scheduled
1375,1375,2026-04-12,Email,Follow-up scheduled
1376,1376,2026-09-26,Meeting,Follow-up scheduled
1377,1377,2026-09-22,Call,Proposal discussed
1378,1378,2026-09-25,Email,Stakeholders engaged
1379,1379,2026-08-12,Call,Follow-up scheduled
1380,1380,2026-04-24,Email,Proposal discussed
1381,1381,2025-11-18,Call,Stakeholders engaged
1382,1382,2026-07-02,Call,Proposal discussed
1383,1383,2026-09-16,Call,Stakeholders engaged
1384,1384,2025-03-20,Meeting,Proposal discussed
1385,1385,2026-08-14,Email,Proposal discussed
1386,1386,2025-07-30,Call,Follow-up scheduled
1387,1387,2026-09-25,Email,Follow-up scheduled
1388,1388,2026-08-20,Email,Follow-up scheduled
1389,1389,2025-05-01,Call,Follow-up scheduled
1390,1390,2026-09-06,Email,Proposal discussed
1391,1391,2026-05-17,Call,Stakeholders engaged
1392,1392,2026-01-11,Email,Proposal discussed
1393,1393,2026-05-12,Email,Follow-up scheduled
1394,1394,2026-09-17,Call,Stakeholders engaged
1395,1395,2026-07-19,Email,Proposal discussed
1396,1396,2026-09-30,Call,Stakeholders engaged
1397,1397,2025-05-05,Call,Follow-up scheduled
1398,1398,2026-02-27,Call,Stakeholders engaged
1399,1399,2025-12-21,Email,Follow-up scheduled
1400,1400,2025-10-10,Email,Proposal discussed
