TargetID,RepID,MonthDate,TargetACV
1,1,2025-01-01,70000
2,2,2025-01-01,75000
3,3,2025-01-01,80000
4,4,2025-01-01,65000
5,5,2025-01-01,70000
6,6,2025-01-01,75000
7,7,2025-01-01,80000
8,8,2025-01-01,65000
9,9,2025-01-01,70000
10,10,2025-01-01,75000
11,11,2025-01-01,80000
12,12,2025-01-01,65000
13,1,2025-02-01,70000
14,2,2025-02-01,75000
15,3,2025-02-01,80000
16,4,2025-02-01,65000
17,5,2025-02-01,70000
18,6,2025-02-01,75000
19,7,2025-02-01,80000
20,8,2025-02-01,65000
21,9,2025-02-01,70000
22,10,2025-02-01,75000
23,11,2025-02-01,80000
24,12,2025-02-01,65000
25,1,2025-03-01,70000
26,2,2025-03-01,75000
27,3,2025-03-01,80000
28,4,2025-03-01,65000
29,5,2025-03-01,70000
30,6,2025-03-01,75000
31,7,2025-03-01,80000
32,8,2025-03-01,65000
33,9,2025-03-01,70000
34,10,2025-03-01,75000
35,11,2025-03-01,80000
36,12,2025-03-01,65000
37,1,2025-04-01,70000
38,2,2025-04-01,75000
39,3,2025-04-01,80000
40,4,2025-04-01,65000
41,5,2025-04-01,70000
42,6,2025-04-01,75000
43,7,2025-04-01,80000
44,8,2025-04-01,65000
45,9,2025-04-01,70000
46,10,2025-04-01,75000
47,11,2025-04-01,80000
48,12,2025-04-01,65000
49,1,2025-05-01,70000
50,2,2025-05-01,75000
51,3,2025-05-01,80000
52,4,2025-05-01,65000
53,5,2025-05-01,70000
54,6,2025-05-01,75000
55,7,2025-05-01,80000
56,8,2025-05-01,65000
57,9,2025-05-01,70000
58,10,2025-05-01,75000
59,11,2025-05-01,80000
60,12,2025-05-01,65000
61,1,2025-06-01,70000
62,2,2025-06-01,75000
63,3,2025-06-01,80000
64,4,2025-06-01,65000
65,5,2025-06-01,70000
66,6,2025-06-01,75000
67,7,2025-06-01,80000
68,8,2025-06-01,65000
69,9,2025-06-01,70000
70,10,2025-06-01,75000
71,11,2025-06-01,80000
72,12,2025-06-01,65000
73,1,2025-07-01,70000
74,2,2025-07-01,75000
75,3,2025-07-01,80000
76,4,2025-07-01,65000
77,5,2025-07-01,70000
78,6,2025-07-01,75000
79,7,2025-07-01,80000
80,8,2025-07-01,65000
81,9,2025-07-01,70000
82,10,2025-07-01,75000
83,11,2025-07-01,80000
84,12,2025-07-01,65000
85,1,2025-08-01,70000
86,2,2025-08-01,75000
87,3,2025-08-01,80000
88,4,2025-08-01,65000
89,5,2025-08-01,70000
90,6,2025-08-01,75000
91,7,2025-08-01,80000
92,8,2025-08-01,65000
93,9,2025-08-01,70000
94,10,2025-08-01,75000
95,11,2025-08-01,80000
96,12,2025-08-01,65000
97,1,2025-09-01,70000
98,2,2025-09-01,75000
99,3,2025-09-01,80000
100,4,2025-09-01,65000
101,5,2025-09-01,70000
102,6,2025-09-01,75000
103,7,2025-09-01,80000
104,8,2025-09-01,65000
105,9,2025-09-01,70000
106,10,2025-09-01,75000
107,11,2025-09-01,80000
108,12,2025-09-01,65000
109,1,2025-10-01,70000
110,2,2025-10-01,75000
111,3,2025-10-01,80000
112,4,2025-10-01,65000
113,5,2025-10-01,70000
114,6,2025-10-01,75000
115,7,2025-10-01,80000
116,8,2025-10-01,65000
117,9,2025-10-01,70000
118,10,2025-10-01,75000
119,11,2025-10-01,80000
120,12,2025-10-01,65000
121,1,2025-11-01,70000
122,2,2025-11-01,75000
123,3,2025-11-01,80000
124,4,2025-11-01,65000
125,5,2025-11-01,70000
126,6,2025-11-01,75000
127,7,2025-11-01,80000
128,8,2025-11-01,65000
129,9,2025-11-01,70000
130,10,2025-11-01,75000
131,11,2025-11-01,80000
132,12,2025-11-01,65000
133,1,2025-12-01,70000
134,2,2025-12-01,75000
135,3,2025-12-01,80000
136,4,2025-12-01,65000
137,5,2025-12-01,70000
138,6,2025-12-01,75000
139,7,2025-12-01,80000
140,8,2025-12-01,65000
141,9,2025-12-01,70000
142,10,2025-12-01,75000
143,11,2025-12-01,80000
144,12,2025-12-01,65000
145,1,2026-01-01,77000.0
146,2,2026-01-01,82500.0
147,3,2026-01-01,88000.0
148,4,2026-01-01,71500.0
149,5,2026-01-01,77000.0
150,6,2026-01-01,82500.0
151,7,2026-01-01,88000.0
152,8,2026-01-01,71500.0
153,9,2026-01-01,77000.0
154,10,2026-01-01,82500.0
155,11,2026-01-01,88000.0
156,12,2026-01-01,71500.0
157,1,2026-02-01,77000.0
158,2,2026-02-01,82500.0
159,3,2026-02-01,88000.0
160,4,2026-02-01,71500.0
161,5,2026-02-01,77000.0
162,6,2026-02-01,82500.0
163,7,2026-02-01,88000.0
164,8,2026-02-01,71500.0
165,9,2026-02-01,77000.0
166,10,2026-02-01,82500.0
167,11,2026-02-01,88000.0
168,12,2026-02-01,71500.0
169,1,2026-03-01,77000.0
170,2,2026-03-01,82500.0
171,3,2026-03-01,88000.0
172,4,2026-03-01,71500.0
173,5,2026-03-01,77000.0
174,6,2026-03-01,82500.0
175,7,2026-03-01,88000.0
176,8,2026-03-01,71500.0
177,9,2026-03-01,77000.0
178,10,2026-03-01,82500.0
179,11,2026-03-01,88000.0
180,12,2026-03-01,71500.0
181,1,2026-04-01,77000.0
182,2,2026-04-01,82500.0
183,3,2026-04-01,88000.0
184,4,2026-04-01,71500.0
185,5,2026-04-01,77000.0
186,6,2026-04-01,82500.0
187,7,2026-04-01,88000.0
188,8,2026-04-01,71500.0
189,9,2026-04-01,77000.0
190,10,2026-04-01,82500.0
191,11,2026-04-01,88000.0
192,12,2026-04-01,71500.0
193,1,2026-05-01,77000.0
194,2,2026-05-01,82500.0
195,3,2026-05-01,88000.0
196,4,2026-05-01,71500.0
197,5,2026-05-01,77000.0
198,6,2026-05-01,82500.0
199,7,2026-05-01,88000.0
200,8,2026-05-01,71500.0
201,9,2026-05-01,77000.0
202,10,2026-05-01,82500.0
203,11,2026-05-01,88000.0
204,12,2026-05-01,71500.0
205,1,2026-06-01,77000.0
206,2,2026-06-01,82500.0
207,3,2026-06-01,88000.0
208,4,2026-06-01,71500.0
209,5,2026-06-01,77000.0
210,6,2026-06-01,82500.0
211,7,2026-06-01,88000.0
212,8,2026-06-01,71500.0
213,9,2026-06-01,77000.0
214,10,2026-06-01,82500.0
215,11,2026-06-01,88000.0
216,12,2026-06-01,71500.0
217,1,2026-07-01,77000.0
218,2,2026-07-01,82500.0
219,3,2026-07-01,88000.0
220,4,2026-07-01,71500.0
221,5,2026-07-01,77000.0
222,6,2026-07-01,82500.0
223,7,2026-07-01,88000.0
224,8,2026-07-01,71500.0
225,9,2026-07-01,77000.0
226,10,2026-07-01,82500.0
227,11,2026-07-01,88000.0
228,12,2026-07-01,71500.0
229,1,2026-08-01,77000.0
230,2,2026-08-01,82500.0
231,3,2026-08-01,88000.0
232,4,2026-08-01,71500.0
233,5,2026-08-01,77000.0
234,6,2026-08-01,82500.0
235,7,2026-08-01,88000.0
236,8,2026-08-01,71500.0
237,9,2026-08-01,77000.0
238,10,2026-08-01,82500.0
239,11,2026-08-01,88000.0
240,12,2026-08-01,71500.0
241,1,2026-09-01,77000.0
242,2,2026-09-01,82500.0
243,3,2026-09-01,88000.0
244,4,2026-09-01,71500.0
245,5,2026-09-01,77000.0
246,6,2026-09-01,82500.0
247,7,2026-09-01,88000.0
248,8,2026-09-01,71500.0
249,9,2026-09-01,77000.0
250,10,2026-09-01,82500.0
251,11,2026-09-01,88000.0
252,12,2026-09-01,71500.0
253,1,2026-10-01,77000.0
254,2,2026-10-01,82500.0
255,3,2026-10-01,88000.0
256,4,2026-10-01,71500.0
257,5,2026-10-01,77000.0
258,6,2026-10-01,82500.0
259,7,2026-10-01,88000.0
260,8,2026-10-01,71500.0
261,9,2026-10-01,77000.0
262,10,2026-10-01,82500.0
263,11,2026-10-01,88000.0
264,12,2026-10-01,71500.0
265,1,2026-11-01,77000.0
266,2,2026-11-01,82500.0
267,3,2026-11-01,88000.0
268,4,2026-11-01,71500.0
269,5,2026-11-01,77000.0
270,6,2026-11-01,82500.0
271,7,2026-11-01,88000.0
272,8,2026-11-01,71500.0
273,9,2026-11-01,77000.0
274,10,2026-11-01,82500.0
275,11,2026-11-01,88000.0
276,12,2026-11-01,71500.0
277,1,2026-12-01,77000.0
278,2,2026-12-01,82500.0
279,3,2026-12-01,88000.0
280,4,2026-12-01,71500.0
281,5,2026-12-01,77000.0
282,6,2026-12-01,82500.0
283,7,2026-12-01,88000.0
284,8,2026-12-01,71500.0
285,9,2026-12-01,77000.0
286,10,2026-12-01,82500.0
287,11,2026-12-01,88000.0
288,12,2026-12-01,71500.0
